Row, Col, Vegetable
0, 0, Corn
0, 2, Sweet Potatoes
0, 3, Potatoes
0, 5, Radishes
0, 8, Carrots
0, 9, Carrots
1, 0, Corn
1, 1, Onion
1, 2, Sweet Potatoes
1, 3, Potatoes
1, 5, Radishes
1, 6, Cucumber
1, 8, Carrots
1, 9, Carrots
2, 0, Eggplant
2, 2, Sweet Potatoes
2, 3, Potatoes
2, 5, Radishes
2, 6, Cucumber
2, 9, Zucchini
3, 0, Eggplant
3, 1, Onion
3, 2, Sweet Potatoes
3, 3, Potatoes
3, 5, Peppers
3, 6, Tomatoes
3, 9, Zucchini
4, 0, Peas
4, 2, Sweet Potatoes
4, 3, Potatoes
4, 5, Peppers
4, 6, Tomatoes
4, 9, Zucchini
5, 0, Peas
5, 1, Onion
5, 2, Sweet Potatoes
5, 3, Potatoes
5, 5, Peppers
5, 6, Tomatoes
5, 9, Zucchini
